{
  "project_info": {
    "project_number": "588903094609",
    "project_id": "havchat-e26ac",
    "storage_bucket": "havchat-e26ac.appspot.com"
  },
  "client": [
    {
      "client_info": {
        "mobilesdk_app_id": "1:588903094609:android:abe3ef07d6ed81a7f9db70",
        "android_client_info": {
          "package_name": "com.example.havchat"
        }
      },
      "oauth_client": [
        {
          "client_id": "588903094609-sd1k5pmkqmgbia60iaejs4fqed4i91uj.apps.googleusercontent.com",
          "client_type": 3
        }
      ],
      "api_key": [
        {
          "current_key": "AIzaSyDsK8ZPSWDag3AsYX4jlxcFInQK1dcAYgE"
        }
      ],
      "services": {
        "appinvite_service": {
          "other_platform_oauth_client": [
            {
              "client_id": "588903094609-sd1k5pmkqmgbia60iaejs4fqed4i91uj.apps.googleusercontent.com",
              "client_type": 3
            },
            {
              "client_id": "588903094609-r3psh37s11ilm95bi5hqm6r7rvc6c0tg.apps.googleusercontent.com",
              "client_type": 2,
              "ios_info": {
                "bundle_id": "com.example.havchat"
              }
            }
          ]
        }
      }
    }
  ],
  "configuration_version": "1"
}